{"cameraMode":{"drawMode":0,"name":"Shaded","section":"Shading Mode"},"sceneLighting":true,"audioPlay":false,"sceneViewState":{"showFog":true,"showMaterialUpdate":false,"showSkybox":true,"showFlares":true,"showImageEffects":true,"showParticleSystems":true},"in2DMode":false,"pivot":{"x":-1.3556890487670899,"y":1.3074951171875,"z":0.6578550338745117},"rotation":{"x":-0.08040325343608856,"y":0.8866547346115112,"z":-0.16850826144218446,"w":-0.423065185546875},"size":8.200704574584961,"orthographic":false}